 ,HOSPITAL GROUP,ADDRESS,CITY,STATE,Capacity,REMARK,NO. TELEPHONE,Website,Doctor Directory,Beds,Baby Cots,BedsBaby Cots,Bassinets,Dialysis Chairs,Dental Chairs,ArmChairs,Phototherapy Cots,Mobile Dialysis Device,BedsDialisis,Beds BloodDonor,MonoplaceHyperbaric Chamber, Baby CotsFototerapi
KPJ Batu Pahat Specialist Hospital,KPJ,"No. 1, Jalan Mutiara Gading Utama 1, Taman Mutiara Gading, 83000 Batu Pahat, Johor",Batu Pahat,JOHOR,"29 Beds, 2 Baby Cots, 2 Bassinets",-,07-4591000,https://kpjhealth.com.my/batupahat/,https://www.kpjhealth.com.my/batupahat/find-doctor,29,2,0,2,0,0,0,0,0,0,0,0,0
KPJ Puteri Specialist Hospital,KPJ,"No. 33, Jalan Tun Abdul Razak, (Susur 5), 80000 Johor Bahru, Johor",Johor Bahru,JOHOR,"147 Beds, 10 Baby Cots,13 Dialysis Chairs",-,07-2253222,https://kpjhealth.com.my/puteri/,https://www.kpjhealth.com.my/puteri/find-doctor,147,10,0,0,13,0,0,0,0,0,0,0,0
Hospital Pakar KPJ Johor (KPJ Johor Specialist Hospital),KPJ,"39-B, Jalan Abdul Samad, 80100 Johor Bahru, Johor",Johor Bahru,JOHOR,"268 Beds, 4 Bassinets, 3 Baby Cots, 36 Dialysis Chairs, 12 ArmChairs",-,-,https://kpjhealth.com.my/johor/ ,https://www.kpjhealth.com.my/johor/find-doctor,268,3,0,4,36,0,12,0,0,0,0,0,0
KPJ Kluang Specialist Hospital,KPJ,"Ptd 91374, Jalan Saujana Utama, Taman Saujana Kluang, Mukim Kluang, 86000 Kluang, Johor",Kluang,JOHOR,"53 Beds, 4 Bassinets",-,-,https://kpjhealth.com.my/kluang/,https://www.kpjhealth.com.my/kluang/find-doctor,53,0,0,4,0,0,0,0,0,0,0,0,0
KPJ Bandar Maharani Specialist Hospital,KPJ,"No. 73-1, Jalan Stadium, 84000 Muar, Johor",Muar,JOHOR,"91 Beds, 5 Bassinets, 2 Baby Cots, 9 Dialysis Chairs",-,06-9564500,https://www.kpjhealth.com.my/maharani/,https://www.kpjhealth.com.my/maharani/find-doctor,91,2,0,5,9,0,0,0,0,0,0,0,0
KPJ Bandar Dato' Onn Specialist Hospital,KPJ,"Jalan Bukit Mutiara, Bandar DatoÃƒÂ¢Ã¢â€šÂ¬Ã¢â€žÂ¢ Onn, 81100 Johor Bahru, Johor",Johor Bahru,JOHOR,-,,07-3011000,https://www.kpjhealth.com.my/bdo/,https://www.kpjhealth.com.my/bdo/find-doctor,0,0,0,0,0,0,0,0,0,0,0,0,0
KPJ Pasir Gudang Specialist Hospital,KPJ,"Lot PTD 204871, Jln Persiaran Dahlia 2, Taman Bukit Dahlia, 81700 Pasir Gudang, Johor",Pasir Gudang,JOHOR,-,,07-2573999,https://kpjhealth.com.my/pasirgudang/,https://www.kpjhealth.com.my/pasirgudang/find-doctor,0,0,0,0,0,0,0,0,0,0,0,0,0
KPJ Perdana Specialist Hospital,KPJ,"Lot Pt 37 & 600, Seksyen14, Jalan Bayam, 15200 Kota Bharu, Kelantan",Kota Bharu,KELANTAN,124 Beds / 6 Bassinets / 10 Dialysis Chairs,-,09-7458000,https://kpjhealth.com.my/perdana/,https://www.kpjhealth.com.my/perdana/find-doctor,124,0,0,6,10,0,0,0,0,0,0,0,0
KPJ Seremban Specialist Hospital,KPJ,"Lot 6219 & 6220, Jalan Toman 1, Kemayan Square, 70200 Seremban, Negeri Sembilan",Seremban,NEGERI SEMBILAN,"206 Beds, 9 Bassinets, 1 Baby Cots, 34 Dialysis Chairs",-,06-7677800,https://kpjhealth.com.my/seremban/,https://www.kpjhealth.com.my/seremban/find-doctor,206,1,0,9,34,0,0,0,0,0,0,0,0
KPJ Pahang Specialist Hospital,KPJ,"Lot 105703 (Pt 83065),Tanjung Lumpur, Kuantan, 26060 Pahang",Kuantan,PAHANG,"134 Beds, 8 Bassinets, 2 Baby Cots",-,09-5678588,https://kpjhealth.com.my/pahang/,https://www.kpjhealth.com.my/pahang/find-doctor,134,2,0,8,0,0,0,0,0,0,0,0,0
KPJ Ipoh Specialist Hospital,KPJ,"26, Jalan Raja Dihilir, 30350 Ipoh, Perak",Ipoh,PERAK,"264 Beds, 24 Baby Cots,37 Bassinets, 41 Dialysis Chairs",-,05-2408777,https://www.kpjhealth.com.my/ipoh/,https://kpjhealth.com.my/ipoh/find-doctor,264,24,0,37,41,0,0,0,0,0,0,0,0
KPJ Sri Manjung Specialist Hospital,KPJ,"Lot 14777, Jalan Lumut, 32000 Sitiawan, Perak",Sitiawan,PERAK,"47 Beds, 4 Bassinets",-,-,https://kpjhealth.com.my/srimanjung/,https://www.kpjhealth.com.my/srimanjung/find-doctor,47,0,0,4,0,0,0,0,0,0,0,0,0
KPJ Perlis Specialist Hospital,KPJ,"Lot 2550 & 2575, Pengkalan Asam, Mukim Seriab, 01000 Kangar, Perlis",Kangar,PERLIS,"37 Beds, 4 Bassinets",-,-,https://kpjhealth.com.my/perlis/,https://www.kpjhealth.com.my/perlis/find-doctor,37,0,0,4,0,0,0,0,0,0,0,0,0
KPJ Penang Specialist Hospital,KPJ,"570, Jalan Perda Utama, Bandar Perda, 14000 Bukit Mertajam, Pulau Pinang",Bukit Mertajam,PULAU PINANG,"193 Beds, 6 Bassinets, 3 Baby Cots,20 Dialysis Chairs, 1 Dental Chairs",-,04-5486688,https://kpjhealth.com.my/penang/,https://www.kpjhealth.com.my/penang/find-doctor,193,3,0,6,20,1,0,0,0,0,0,0,0
KPJ Sabah Specialist Hospital,KPJ,"Lot No. 2, Off Jalan Damai, Luyang, 88300 Kota Kinabalu, Sabah",Kota Kinabalu,SABAH,"107 Beds, 9 Bassinets, 5 Baby Cots, 10Dialysis Chairs, 6 ArmChairs",-,088-211333,https://kpjhealth.com.my/sabah/,https://kpjhealth.com.my/sabah/,107,5,0,9,10,0,6,0,0,0,0,0,0
KPJ Kuching Specialist Hospital,KPJ,"Lot 18807, Block 11, Muara Tebas Land District, 93350 Kuching, Sarawak",Kuching,SARAWAK,"75 Beds, 4 Baby Cots, 5 Bassinets, 12 Dialysis Chairs",-,082-365777,https://kpjhealth.com.my/kuching/,https://www.kpjhealth.com.my/kuching/find-doctor,75,4,0,5,12,0,0,0,0,0,0,0,0
KPJ Miri Specialist Hospital,KPJ,"Lot 8836 (Part Of Lot 6183And 6186), Block 11, Kuala Baram Land District, Off Tudan Kuala Baram Link Road, Bandar Baru Permy Jaya, 98107 Miri, Sarawak",Miri,SARAWAK,"26 Beds, 4 Bassinets, 2 Baby Cots",-,-,https://kpjhealth.com.my/miri/,https://www.kpjhealth.com.my/miri/find-doctor,26,2,0,4,0,0,0,0,0,0,0,0,0
KPJ Sibu Specialist Medical Centre,KPJ,"No 52A-G, Persiaran Brooke, Pekan Sibu, 96000 Sibu, Sarawak",Sibu,SARAWAK,-,,084-329900,https://kpjhealth.com.my/sibu/,https://www.kpjhealth.com.my/sibu/find-doctor,0,0,0,0,0,0,0,0,0,0,0,0,0
KPJ Ampang Puteri Specialist Hospital,KPJ,"No.1, Jalan Mamanda 9 Taman Dato' Ahmad Razali 68000 Ampang, Selangor",Ampang,SELANGOR,"279 Beds, 20 Bassinets, 17 Baby Cots,28 Dialysis Chairs, 6 ArmChairs",-,03-42702500,https://kpjhealth.com.my/ampang/,https://www.kpjhealth.com.my/ampang/find-doctor,279,17,0,20,28,0,6,0,0,0,0,0,0
KPJ Kajang Specialist Hospital,KPJ,"Batu 14, Jalan Cheras, 43000 Kajang, Selangor",Kajang,SELANGOR,"145 Beds, 18 Dialysis Chairs, 10 Bassinets, 8 Baby Cots",-,03-87692999,https://kpjhealth.com.my/kajang/,https://www.kpjhealth.com.my/kajang/find-doctor,145,8,0,10,18,0,0,0,0,0,0,0,0
KPJ Klang Specialist Hospital,KPJ,"No. 102, Persiaran Rajawali/Ku 1 Bandar Baru Klang, 41150 Klang, Selangor",Klang,SELANGOR,"137 Beds, 19Dialysis Chairs, 4 Bassinets, 1 Mobile Dialysis Device",-,03-33777888,https://kpjhealth.com.my/klang/,https://www.kpjhealth.com.my/klang/find-doctor,137,0,0,4,19,0,0,0,1,0,0,0,0
KPJ Damansara Specialist Hospital,KPJ,"No. 119, Jalan SS 20/10, Damansara Utama, 47400 Petaling Jaya, Selangor",Petaling Jaya,SELANGOR,"228 Beds, 11 Baby Cots,10 Bassinets, 15Dialysis Chairs, 1 Dental Chairs",-,03-77222692,https://kpjhealth.com.my/damansara/,https://www.kpjhealth.com.my/damansara/find-doctor,228,11,0,10,15,1,0,0,0,0,0,0,0
KPJ Selangor Specialist Hospital,KPJ,"Lot 1, Jalan Singa 20/1, Seksyen 20, 40300 Shah Alam, Selangor",Shah Alam,SELANGOR,"184 Beds, 18 Baby Cots,32 Dialysis Chairs, 4 BedsDialisis, 1 Dental Chairs",-,03-55431111,https://kpjhealth.com.my/selangor/,https://www.kpjhealth.com.my/selangor/find-doctor,184,18,0,0,32,1,0,0,0,4,0,0,0
KPJ Rawang Specialist Hospital (Hospital Pakar KPJ Rawang),KPJ,"Jalan Rawang, Bandar Baru Rawang 48000 Rawang, Selangor",Bandar Baru Rawang Rawang,SELANGOR,"144 Beds, 3 Baby Cots, 8 Bassinets, 17 Dialysis Chairs",-,-,https://kpjhealth.com.my/rawang/,https://www.kpjhealth.com.my/rawang/find-doctor,144,3,0,8,17,0,0,0,0,0,0,0,0
KPJ Centre For Sight (Rawang),KPJ,"88, Jalan Bandar Rawang 1, Pusat Bandar Rawang, 48000 Rawang, Selangor",Rawang,SELANGOR,-,,03-60931051,https://kpjsight.com.my/,-,0,0,0,0,0,0,0,0,0,0,0,0,0
KPJ Sentosa KL Specialist Hospital,KPJ,"No. 36, Jalan Chemor Damai Kompleks, 50400 Kuala Lumpur",Jalan Chemor Damai Kompleks,WP Kuala Lumpur,101 Beds/11 Dialysis Chairs/4 Bassinets,-,03-40437166,https://kpjhealth.com.my/sentosa/,https://www.kpjhealth.com.my/sentosa/find-doctor,101,0,0,4,11,0,0,0,0,0,0,0,0
KPJ Tawakkal Specialist Hospital,KPJ,"1, Jalan Pahang Barat, Pekeliling, 53000 Kuala Lumpur, Wilayah Persekutuan Kuala Lumpur",Jalan Pahang Barat,WP Kuala Lumpur,-,,03-40267777,https://kpjhealth.com.my/tawakkal/,https://www.kpjhealth.com.my/tawakkal/find-doctor,0,0,0,0,0,0,0,0,0,0,0,0,0
Columbia Asia Hospital - Tebrau,Columbia,"Persiaran Southkey 5, Kota Southkey, 80150 Johor Bahru, Johor",Johor Bahru,JOHOR,"95 Beds, 1 Baby Cots, 1 Phototherapy Cots, 10 Bassinets Dan 2 ArmChairs",-,-,https://www.columbiaasia.com/malaysia/hospitals/tebrau/overview,https://www.columbiaasia.com/malaysia/hospitals/tebrau/doctors,95,1,0,10,0,0,2,1,0,0,0,0,0
"Columbia Asia Hospital, Nusajaya",Columbia,"Persiaran Afiat, Taman Kesihatan Afiat, 79250 Nusajaya, Johor",Nusajaya,JOHOR,"168 Beds, 8 Bassinets, 2 Baby Cots, 8 ArmChairs",-,07-2339999,https://www.columbiaasia.com/malaysia/hospitals/iskandar-puteri/overview,https://www.columbiaasia.com/malaysia/hospitals/iskandar-puteri/doctors,168,2,0,8,0,0,8,0,0,0,0,0,0
Columbia Asia Hospital - Seremban,Columbia,"292, Jalan Haruan 2, Oakland Commercial Centre, 70300 Seremban, Negeri Sembilan",Seremban,NEGERI SEMBILAN,-,,06-6033988,https://www.columbiaasia.com/malaysia/hospitals/seremban/overview,https://www.columbiaasia.com/malaysia/hospitals/seremban/doctors,0,0,0,0,0,0,0,0,0,0,0,0,0
Columbia Asia Hospital - Taiping,Columbia,"No. 5, Jalan Perwira, 34000 Taiping Perak",Jalan Perwira,PERAK,"62 Beds, 1 ArmChairs, 2 Baby Cots, 8 Bassinets",-,05-8208888,https://www.columbiaasia.com/malaysia/hospitals/taiping/overview,https://www.columbiaasia.com/malaysia/hospitals/taiping/doctors,62,2,0,8,0,0,1,0,0,0,0,0,0
Columbia Asia Hospital - Bintulu,Columbia,"Lot 3582 & 3583, Blok 26, Kemena Land District, Jalan Tan Sri Ikhwan, Tanjung Kidurong, 97000 Bintulu, Sarawak",Bintulu,SARAWAK,21 Beds/1 ArmChairs/4 Bassinets,-,086-251888,https://www.columbiaasia.com/malaysia/hospitals/bintulu/overview,https://www.columbiaasia.com/malaysia/hospitals/bintulu/doctors,21,0,0,4,0,0,1,0,0,0,0,0,0
Columbia Asia Hospital - Miri,Columbia,"Lot 1035-1039, Jalan Bulan Sabit, 98000 Miri, Sarawak",Miri,SARAWAK,"23 Beds, 5 Bassinets",-,085-437755,https://www.columbiaasia.com/malaysia/hospitals/miri/overview,https://www.columbiaasia.com/malaysia/hospitals/miri/doctors,23,0,0,5,0,0,0,0,0,0,0,0,0
Columbia Asia Hospital - Cheras,Columbia,"Lot 33107, Jalan Suakasih, 43200 Cheras, Selangor",Cheras,SELANGOR,"79 Beds, 6 Bassinets, 4 ArmChairs, 2 Phototherapy Cots",-,03-90869999,https://www.columbiaasia.com/malaysia/hospitals/cheras/overview,https://www.columbiaasia.com/malaysia/hospitals/cheras/doctors,79,0,0,6,0,0,4,2,0,0,0,0,0
Columbia Asia Hospital - Petaling Jaya,Columbia,"Lot 69, Jalan 13/6, Seksyen 13, 46200 Petaling Jaya, Selangor",Petaling Jaya,SELANGOR,"57 Beds, 1 ArmChairs, 10 Bassinets",-,-,https://www.columbiaasia.com/malaysia/hospitals/petaling-jaya/overview,https://www.columbiaasia.com/malaysia/hospitals/petaling-jaya/doctors,57,0,0,10,0,0,1,0,0,0,0,0,0
Columbia Asia Hospital - Puchong,Columbia,"No. 1, Lebuh Puteri Bandar Puteri Puchong, 47100 Puchong, Selangor",Puchong,SELANGOR,"83 Beds, 2 Baby Cots, 10 Bassinets, 4 ArmChairs",-,03-80648688,https://www.columbiaasia.com/malaysia/hospitals/puchong/overview,https://www.columbiaasia.com/malaysia/hospitals/puchong/doctors,83,2,0,10,0,0,4,0,0,0,0,0,0
Columbia Asia Hospital - Klang,Columbia,"PT 71153, Jalan Mahkota 1/KU2, Mutiara Bukit Raja 2, KM 2, Off Jalan Meru, 41050, Klang Selangor",Klang,SELANGOR,"86 Beds, 2 ArmChairs, 2 Baby Cots, 2Phototherapy Cots, 8 Bassinets",-,-,https://www.columbiaasia.com/malaysia/hospitals/klang/overview,https://www.columbiaasia.com/malaysia/hospitals/klang/doctors,86,2,0,8,0,0,2,2,0,0,0,0,0
Columbia Asia Extended Care Hospital,Columbia,"Lot 2, Jalan Baung 17/22, Seksyen 17, 40200 Shah Alam, Selangor",Shah Alam,SELANGOR,-,,03-55417833,https://www.columbiaasia.com/malaysia/specialties/extended-care,-,0,0,0,0,0,0,0,0,0,0,0,0,0
Columbia Asia Hospital - Bukit Rimau,Columbia,"No. 3, Persiaran Anggerik Eria, Bukit Rimau, Seksyen 32, 40460, Shah Alam, Selangor",Shah Alam,SELANGOR,"77 Beds, 3 Baby Cots, 7 Bassinets",-,03-51259999,https://www.columbiaasia.com/malaysia/hospitals/bukit-rimau/overview,https://www.columbiaasia.com/malaysia/hospitals/bukit-rimau/doctors,77,3,0,7,0,0,0,0,0,0,0,0,0
Columbia Asia Hospital - Setapak,Columbia,"No.1, Jalan Danau Saujana, Taman Danau Kota, 53300 Kuala Lumpur, Wilayah Persekutuan Kuala Lumpur",Off Jalan Genting Klang / Jalan Danau Saujana,WP Kuala Lumpur,-,,03-41459999,https://www.columbiaasia.com/malaysia/hospitals/setapak/overview,https://www.columbiaasia.com/malaysia/hospitals/setapak/doctors,0,0,0,0,0,0,0,0,0,0,0,0,0
Pantai Hospital Batu Pahat,Pantai,"No. 9S, Jalan Bintang Satu, Taman Koperasi Bahagia, 83000 Batu Pahat, Johor",Batu Pahat,JOHOR,"107 Beds, 8 Bassinets, 4 Baby Cots, 6 Dialysis Chairs",-,07-4338811,https://www.pantai.com.my/batu-pahat,https://www.pantai.com.my/batu-pahat/find-a-doctor,107,4,0,8,6,0,0,0,0,0,0,0,0
Pantai Hospital Sungai Petani,Pantai,"No. 1, Persiaran Cempaka, Bandar Amanjaya, 08000 Sungai Petani, Kedah",Sungai Petani,KEDAH,"120 Beds, 10 BedsBaby Cots, 10 Bassinets, 1 Mobile Dialysis Device, 18Dialysis Chairs, 6 ArmChairs",-,04-4428888,https://www.pantai.com.my/sungai-petani,https://www.pantai.com.my/sungai-petani/find-a-doctor,120,0,10,10,18,0,6,0,1,0,0,0,0
Pantai Hospital Laguna Merbok,Pantai,"1, Lorong BLM 1/10, Bandar Laguna Merbok, 08000 Sungai Petani, Kedah",Sungai Petani,KEDAH,"51 Beds,10 Dialysis Chairs, 5 Bassinets",-,-,https://www.pantai.com.my/laguna-merbok,https://www.pantai.com.my/laguna-merbok/find-a-doctor,51,0,0,5,10,0,0,0,0,0,0,0,0
Pantai Hospital Ayer Keroh,Pantai,"No. 2418-1, KM 8, LebuhAyer Keroh, 75450 Melaka",Ayer Keroh,MELAKA,"231 Beds, 2 BedsBaby Cots, 3 Baby Cots, 20 Bassinets, 14Dialysis Chairs, 9ArmChairs, 2 Dental Chairs,3 Mobile Dialysis Device",-,06-2319999,https://www.pantai.com.my/ayer-keroh,https://www.pantai.com.my/ayer-keroh/find-a-doctor,231,3,2,20,14,2,9,0,3,0,0,0,0
Pantai Hospital Ipoh,Pantai,"126, Jalan Tambun, 31400 Ipoh, Perak",Ipoh,PERAK,"225 Beds, 29Dialysis Chairs, 5Baby Cots, 1 Dental Chairs, 8 ArmChairs",-,05-5405555,https://www.pantai.com.my/ipoh,https://www.pantai.com.my/ipoh/find-a-doctor,225,5,0,0,29,1,8,0,0,0,0,0,0
Pantai Hospital Manjung,Pantai,"Jalan PPMP 1, Pusat Perniagaan Manjung Point, 32040 Seri Manjung, Perak Darul Ridzuan",Seri Manjung,PERAK,"59 Beds, 2 Baby Cots, 12 Bassinets",-,-,https://www.pantai.com.my/manjung,https://www.pantai.com.my/manjung/find-a-doctor,59,2,0,12,0,0,0,0,0,0,0,0,0
Pantai Hospital Penang,Pantai,"82, Jalan Tengah, Bayan Baru, 11900, Bayan Lepas, Pulau Pinang",Bayan Lepas,PULAU PINANG,"204 Beds, 5 Baby Cots, 4 Bassinets, 3 Dental Chairs, 22Dialysis Chairs, 4 ArmChairs",-,04-6433888,https://www.pantai.com.my/penang,https://www.pantai.com.my/penang/find-a-doctor,204,5,0,4,22,3,4,0,0,0,0,0,0
Pantai Hospital Klang,Pantai,"Lot 5921, Persiaran Raja Muda Musa, 41200 Klang, Selangor",Klang,SELANGOR,"108 Beds, 4 Baby Cots, 6 Bassinets, 1 MobileMesin Dialisis, 6 Dialysis Chairs",-,03- 33725222/33725010,https://www.pantai.com.my/klang,https://www.pantai.com.my/klang/find-a-doctor,108,4,0,6,6,0,0,0,1,0,0,0,0
Pantai Hospital Kuala Lumpur,Pantai,"No. 8, Jalan Bukit Pantai, 59100 Kuala Lumpur",Jalan Bukit Pantai,WP Kuala Lumpur,"365 Beds, 9 Baby Cots,25 Bassinets, 3 Dental Chairs, 20 ArmChairs",-,03-22960888,https://www.pantai.com.my/kuala-lumpur,https://www.pantai.com.my/kuala-lumpur/find-a-doctor,365,9,0,25,0,3,20,0,0,0,0,0,0
Pantai Hospital Ampang,Pantai,"Jalan Perubatan 1, Pandan Indah, 55100 Kuala Lumpur",Pandan Indah,WP Kuala Lumpur,"117 Beds, 2 Baby Cots, 4 Bassinets, 15 Dialysis Chairs",-,03-42892828,https://www.pantai.com.my/ampang,https://www.pantai.com.my/ampang/find-a-doctor,117,2,0,4,15,0,0,0,0,0,0,0,0
Pantai Hospital Cheras,Pantai,"No 1 Jalan 1/96a, Taman Cheras Makmur, 56100 Kuala Lumpur",Taman Cheras Makmur,WP Kuala Lumpur,"123 Beds, 13 Bassinets",-,03-91452888,https://www.pantai.com.my/cheras,https://www.pantai.com.my/cheras/find-a-doctor,123,0,0,13,0,0,0,0,0,0,0,0,0
Gleneagles Medini,Gleneagles,"No. 2, Jalan Medini Utara 4, Medini Iskandar, 79250 Iskandar Puteri, Johor",Iskandar Puteri,JOHOR,-,,07-5601000,https://gleneagles.com.my/medini-johor,https://gleneagles.com.my/medini-johor/doctors,0,0,0,0,0,0,0,0,0,0,0,0,0
Gleneagles Penang,Gleneagles,"No. 1, Jalan Pangkor, 10050 Georgetown, Pulau Pinang",Georgetown,PULAU PINANG,"333 Beds, 6 Baby CotsFototerapi, 27 ArmChairs, 24 Dialysis Chairs, 3 Mobile Dialysis Device",-,04-2229111,https://gleneagles.com.my/penang,https://gleneagles.com.my/penang/doctors,333,6,0,0,24,0,27,0,3,0,0,0,0
Gleneagles Kota Kinabalu,Gleneagles,"Riverson @ Sembulan, Blok A-1, Lorong Riverson @ Sembulan, 88100 Kota Kinabalu, Sabah",Kota Kinabalu,SABAH,"121 Beds, 5 Baby Cots, 5Phototherapy Cots, 3 Bassinets, 4 Dialysis Chairs, 2 BedsDialisis, 2 Dental Chairs",-,088-518888,https://gleneagles.com.my/kota-kinabalu,https://gleneagles.com.my/kota-kinabalu/doctors,121,5,0,3,4,2,0,5,0,2,0,0,0
Gleneagles Kuala Lumpur,Gleneagles,"Block A & Block B, 282 & 286, Jalan Ampang, Kampung Berembang, 50450 Kuala Lumpur, Wilayah Persekutuan Kuala Lumpur",Jalan Ampang,WP Kuala Lumpur,"376 Beds, 10ArmChairs, 8Baby Cots, 30 Bassinets, 6 Dialysis Chairs",-,03-41413000,https://gleneagles.com.my/kuala-lumpur,https://gleneagles.com.my/kuala-lumpur/doctors,376,8,0,30,6,0,10,0,0,0,0,0,0
Kempas Medical Centre,-,"Lot Ptd 7522, Jalan Kempas Baru, 81200 Johor Bahru, Johor",Johor Bahru,JOHOR,"47 Beds, 8 Bassinets, 6 Dialysis Chairs",-,07-2368999,https://kempasmedical.com/en/,https://kempasmedical.com/en/our-specialists,47,0,0,8,6,0,0,0,0,0,0,0,0
Century Specialist Maternity Sdn Bhd,-,"6B, 6B-1, 6-A-1 dan 6-1,Jalan Harimau, Taman Century, 80250 Johor Bahru, Johor",Johor Bahru,JOHOR,"5 Beds, 4 Bassinets",Single discipline: O&G,-,-,-,5,0,0,4,0,0,0,0,0,0,0,0,0
JB Specialist Hospital Sdn. Bhd. (Hospital Pakar Siow),-,"38, Jalan Ros Merah 3/2, Taman Johor Jaya, 81100 Johor Bahru, Johor",Johor Bahru,JOHOR,4 Beds,Single discipline: Pembedahan Am (Minor),-,-,-,4,0,0,0,0,0,0,0,0,0,0,0,0
Kensington Green Specialist Centre Sdn. Bhd.,-,"No. 2, Jalan Ceria 20, Taman Nusa Indah, Iskandar Puteri, 79100 Johor Bahru, Johor",Johor Bahru,JOHOR,"39 Beds, 8 Bassinets, 2 Baby Cots",-,-,https://www.kgsc.com.my/,https://www.kgsc.com.my/usr/mobile/pagesubmb.aspx?pgid=7,39,2,0,8,0,0,0,0,0,0,0,0,0
Landmark Medical Centre,-,"Level 33B, Menara Landmark, Jalan Ngee Heng, 80000 Johor Bahru, Johor",Johor Bahru,JOHOR,"8 Beds, 4 Bassinets",-,-,https://landmarkmedical.com.my/,-,8,0,0,4,0,0,0,0,0,0,0,0,0
Maria Hospital [Medical Specialist Centre (Jb) Sdn. Bhd.],-,"Blok A, Wisma Maria, Jalan Ngee Heng, 80100 Johor Bahru, Johor",Johor Bahru,JOHOR,21 Beds,-,-,https://www.mariahospital.com/index.html,https://www.mariahospital.com/our-specialists.html,21,0,0,0,0,0,0,0,0,0,0,0,0
Pelangi Medical Centre Sdn. Bhd.,-,"66A & 68A, Jalan Kuning, Taman Pelangi, 80400 Johor Bahru, Johor",Johor Bahru,JOHOR,2 Beds/2 Bassinets,Single discipline: O&G,-,-,-,2,0,0,2,0,0,0,0,0,0,0,0,0
Pusat PakarBersalin Tebrau Sdn. Bhd,-,"No. 2, Pusat Pakar Bersalin Tebrau, Jalan Kencana Emas 1/7, Kawasan Perindustrian Tebrau III, 81100 Johor Bahru, Johor",Johor Bahru,JOHOR,"10 Beds, 8 Bassinets",Single discipline: O&G,-,-,-,10,0,0,8,0,0,0,0,0,0,0,0,0
Specialist Women's Hospital & Fertility Centre (Hospital Pakar Sakit Puan & Kesuburan),-,"No. 14, Jalan Rosmerah 3/2, Taman Johor Jaya, 81100 Johor Bahru, Johor",Johor Bahru,JOHOR,2 Beds/2 Bassinets,Single discipline: O&G,-,-,-,2,0,0,2,0,0,0,0,0,0,0,0,0
Kluang Specialist Maternity Centre,-,"No. 2, 3, 4, Jalan Haji Manap Nordin, Kluang Baru, 86000 Kluang, Johor",Kluang,JOHOR,"2 Beds, 2 Bassinets",Single discipline: O&G,-,-,-,2,0,0,2,0,0,0,0,0,0,0,0,0
Pusat Pakar Wanita Dan Perbidanan Johor,-,"No 38-42, Jalan Cantik, 86000 Kluang, Johor",Kluang,JOHOR,4 Beds/ 4 Bassinets,-,-,-,-,4,0,0,4,0,0,0,0,0,0,0,0,0
Regency Specialist Hospital,Regency,"No. 1, Jalan Suria, Bandar Seri Alam, 81750 Masai, Johor",Masai,JOHOR,"186 Beds, 7 ArmChairs, 20 Bassinets, 12Dialysis Chairs, 2 Baby Cots",-,07-3817700,https://www.regencyspecialist.com/,https://www.regencyspecialist.com/our-doctors,186,2,0,20,12,0,7,0,0,0,0,0,0
Pusat Pakar Perbidanan Dan Wanita Perdana,-,"No. 21, Jalan Sulaiman, 84000 Muar, Johor",Muar,JOHOR,15 Beds8 basinet,Single discipline: O&G,-,-,-,15,0,0,8,0,0,0,0,0,0,0,0,0
Hospital Penawar (Pasir Gudang),Kumpulan Perubatan Penawar,"No. 17 & 18 (A-D), Pusat Perniagaan Pasir Gudang, 81700 Pasir Gudang, Johor",Pasir Gudang,JOHOR,"40 Beds, 10 Bassinets",-,-,http://www.hospitalpenawar.com/,http://www.hospitalpenawar.com/?page_id=25,40,0,0,10,0,0,0,0,0,0,0,0,0
Pusat PakarSakitpuan Dan Perbidanan Khor & Loh Sdn. Bhd,-,"No 145, 147 & 149-02,,Jalan Bestari 1/5, Taman Nusa Bestari, 81300 Skudai, Johor",Skudai,JOHOR,10 Beds/6 Bassinets,Single discipline: O&G,-,-,-,10,0,0,6,0,0,0,0,0,0,0,0,0
Klinik Rakyat & Hospital,-,"5, Jalan Zabedah, Kg.",Batu Pahat,JOHOR,-,,07-4317579,-,-,0,0,0,0,0,0,0,0,0,0,0,0,0
Putra Specialist Hospital Batu Pahat,Intelek Ceria,"No. 1, Jalan Peserai, Kg. Pegawai, 83000 Batu Pahat, Johor",Batu Pahat,JOHOR,-,,07-4133333,http://putrabatupahat.com/,http://putrabatupahat.com/find-doctor.php,0,0,0,0,0,0,0,0,0,0,0,0,0
Century Medical Centre,-,"6c-1, Jalan Harimau, Taman Abad, 80250 Johor Bahru, Johor",Johor Bahru,JOHOR,-,,07-3311722,-,-,0,0,0,0,0,0,0,0,0,0,0,0,0
Century Specialist Maternity,-,"6B, Jalan Harimau, Taman Abad, 80250 Johor Bahru, Johor",Johor Bahru,JOHOR,-,,07-3322373,http://centuryspecialistmaternity.blogspot.com/,-,0,0,0,0,0,0,0,0,0,0,0,0,0
Maria Hospital,-,"Wisma Maria, Jalan Ngee Heng, Bandar Johor Bahru, 80100 Johor Bahru, Johor",Johor Bahru,JOHOR,-,,07-2243888,https://www.mariahospital.com/,https://www.mariahospital.com/our-specialists.html,0,0,0,0,0,0,0,0,0,0,0,0,0
T.K. Tan O&G Specialist Clinic,-,"2, Jalan Sri Perkasa 1/5, Taman Tampoi Utama, 81200",Johor Bahru,JOHOR,-,,07-2411100,-,-,0,0,0,0,0,0,0,0,0,0,0,0,0
Kluang Utama Specialist Hospital,-,"No. 1, Susur 1, Jalan Besar, 86000 Kluang, Johor",Kluang,JOHOR,-,,07-7718999,-,-,0,0,0,0,0,0,0,0,0,0,0,0,0
Pusat Pakar Perbidanan & Sakitpuan Raja,-,"988, J24, 84000 Muar, Johor",Muar,JOHOR,-,,07-9522224,-,-,0,0,0,0,0,0,0,0,0,0,0,0,0
Tey Maternity Specialist & Gynae Centre,-,"21, Jalan Sulaiman, 84000 Muar, Johor",Muar,JOHOR,-,,07-9329187,-,-,0,0,0,0,0,0,0,0,0,0,0,0,0
Hospital Penawar,Kumpulan Perubatan Penawar,"No. 1519, Business Center, 81700 Pasir Gudang, Johor",Pasir Gudang,JOHOR,-,,07-2521800,http://www.hospitalpenawar.com/,http://www.hospitalpenawar.com/?page_id=25,0,0,0,0,0,0,0,0,0,0,0,0,0
C.S. Koh and Maternity Home,-,"32 & 32A, Taman Ungku Tun Aminah, Jalan Shah Bandar 2, 81300 Johor Bahru, Johor",Skudai,JOHOR,-,,07-5569669/07- 5560436,-,-,0,0,0,0,0,0,0,0,0,0,0,0,0
Hospital Pakar Skudai(Skudai Surgical Centre (M) Sdn. Bhd.),-,"No. 5 & 7, Jalan Ronggeng 2, Taman Skudai Baru, Skudai, Johor Bahru",Skudai,JOHOR,6 Beds,Single discipline: Pembedahan Am,-,-,-,6,0,0,0,0,0,0,0,0,0,0,0,0
INS Specialist Centre Sdn. Bhd.,-,"640-641, Jalan Pintu Sepuluh, 05100 Alor Setar, Kedah",Alor Setar,KEDAH,"20 Beds, 12 Bassinets",-,-,-,-,20,0,0,12,0,0,0,0,0,0,0,0,0
Putra Centre,-,"888, Jalan Sekerat, Off Jalan Putra, 05100 Alor Setar, Kedah",Alor Setar,KEDAH,"162 Beds, 5 Bassinets, 3 Baby CotsFototerapi, 9 Dialysis Chairs Dan 3 Dental Chairs",-,-,-,-,162,3,0,5,9,3,0,0,0,0,0,0,0
Kedah Centre,-,"Pumpong, 05250 Alor Star, Kedah",Alor Star,KEDAH,"160 Beds, 4 Baby Cots, 8 Bassinets, 18 Dialysis Chairs",-,-,-,-,160,4,0,8,18,0,0,0,0,0,0,0,0
MAHSURI MEDICAL CENTRE (MMC)(Naiktaraf Dari Rumah Bersalin),-,"No. 1, 2 & 3, Jalan Mahsuri, 1c, Bandar Baru Darulaman, 06000 Jitra, Kedah",Jitra,KEDAH,"6 Beds, 4 Baby Cots, 4 Bassinets",-,-,-,-,6,4,0,4,0,0,0,0,0,0,0,0,0
Metro Hospital,-,"No 1, Lorong Metro, 08000 Sungai Petani, Kedah",Sungai Petani,KEDAH,"102 Beds, 8 Bassinets,15 Dialysis Chairs, 1 Dental Chairs, 1 Mobile MesinDialisis",-,-,-,-,102,0,0,8,15,1,0,0,1,0,0,0,0
Wisma PakarPerbidanan Dan Sakit Puan,-,"10, Lorong 17, TamanPetani Jaya, 08000 Sungai Petani, Kedah",Sungai Petani,KEDAH,4 Beds Dan 4 Bassinets,Single discipline: O&G,-,-,-,4,0,0,4,0,0,0,0,0,0,0,0,0
INS Specialist Centre Sdn Bhd,-,"641, Jalan Pintu Sepuluh, 05100 Alor Setar, Kedah",Alor Setar,KEDAH,-,,04-7318120,-,-,0,0,0,0,0,0,0,0,0,0,0,0,0
Mahsuri Medical Centre,-,"Jalan Mahsuri 1C, Bandar Baru Darulaman, 06000 Jitra, Kedah",Jitra,KEDAH,-,,04-9162345,http://mmckedah.com.my/,-,0,0,0,0,0,0,0,0,0,0,0,0,0
Metro Specialist Hospital,-,"1, Lorong Metro, 08000 Sungai Petani, Kedah",Sungai Petani,KEDAH,-,,04-4238888,https://www.hospitalmetro.com/,https://www.hospitalmetro.com/physician.php,0,0,0,0,0,0,0,0,0,0,0,0,0
Pusat Perubatan An-Nisa' (An-Nisa' Medical Centre),-,"JKR 284, Jalan Sultan Ibrahim, Bandar Kota Bharu, 15050 Kota Bahru, Kelantan",Kota Bharu,KELANTAN,-,,09-7414444,https://www.annisa.com.my/,https://www.annisa.com.my/doktor-kami/,0,0,0,0,0,0,0,0,0,0,0,0,0
Kota Bharu Medical Centre,-,"Pt 179 - 184, Jalan SultanYahya Petra, 15150Lundang, Kelantan",Lundang,KELANTAN,"40 Beds, 10 Bassinets",-,09-7433399,-,-,40,0,0,10,0,0,0,0,0,0,0,0,0
Putra Specialist Hospital (Melaka),-,"169, Jalan Bendahara, Pengkalan Rama, 75100 Melak",Jalan Bendahara,MELAKA,"220 Beds, 6 Bassinets, 9 Baby Cots, 6 Phototherapy Cots, 19 Dialysis Chairs, 2 Mobile Dialysis Device",-,06-2835888,https://psh-group.com/putra/,https://psh-group.com/putra/specialties/,220,9,0,6,19,0,0,6,2,0,0,0,0
Mahkota Medical Centre,Health Management International Pte Ltd (HMI Group),"3, Mahkota Melaka, Jalan Merdeka, 75000 Melaka",Jalan Merdeka,MELAKA,"305 Beds, 12 BedsDialisis, 2 Baby Cots, 11 Bassinets, 6 Dental Chairs, 2 Mobile Dialysis Device",-,06-2852999,https://www.mahkotamedical.com/,https://www.mahkotamedical.com/find-a-doctor/,305,2,0,11,0,6,0,0,2,12,0,0,0
Oriental MelakaStraits Medical Centre,Oriental Holdings Berhad,"Pusat Perubatan Klebang, 75200 Melaka",Pusat Perubatan Klebang,MELAKA,"173 Beds, 4 Baby Cots, 6 Bassinets, 2 Dental Chairs",-,-,-,-,173,4,0,6,0,2,0,0,0,0,0,0,0
Salam Senawang Specialist Hospital,Senawang Indah Medical Centre,"No. 234-243, JalanLavender Heights 2, Lavender Business Square, 70450 Senawang, Negeri Sembilan",Senawang,NEGERI SEMBILAN,100 Beds/6 Bassinets,-,06-6751188,https://www.salamsenawang.com/index,https://docs.google.com/gview?embedded=true&url=https://pagevamp-uploads.s3.amazonaws.com/426846354021298/pdfs/1643187576-salam-senawang-corporate-slide.pdf,100,0,0,6,0,0,0,0,0,0,0,0,0
CMH Specialist Hospital,-,"Lot 3900, Jalan Tun Dr. Ismail, 70200 Seremban, Negeri Sembilan",Seremban,NEGERI SEMBILAN,62 Beds / 24 Dialysis Chairs / 5 Bassinets,-,06-7631688,https://www.cmhspecialist.my/,https://www.cmhspecialist.my/our-doctors/,62,0,0,5,24,0,0,0,0,0,0,0,0
Mawar Medical Centre,-,"No. 71, Jalan Rasah, 70300 Seremban, Negeri Sembilan",Seremban,NEGERI SEMBILAN,"30 Beds, 44 Dialysis Chairs",-,-,-,-,30,0,0,0,44,0,0,0,0,0,0,0,0
Aurelius Hospital Nilai,Aurelius Healthcare,Pt 13717 Jalan BBN 2/1 71800 Nilai Negeri Sembilan,Nilai,NEGERI SEMBILAN,"84 Beds, 4 ArmChairs, 4 Bassinets",-,06-8500999,https://www.aureliushealth.com/nilai/,https://www.nilaimc.com/our-consultants/,84,0,0,4,0,0,4,0,0,0,0,0,0
Mawar Renal Medical Centre,-,"Bukit Rasah, 70300 Seremban, Negeri Sembilan",Seremban,NEGERI SEMBILAN,-,,06-7647048,https://mawarmedical.com/,https://mawarmedical.com/index.php/doctor-specialist,0,0,0,0,0,0,0,0,0,0,0,0,0
Hospital Bersalin Sukhilmi,-,"No. 1-G, 1-1, 3-1, 5-G, 5-1,7-1, Jalan Coco Drive 3, Taman Bandar Senawang, Senawang, 70450Seremban, Negeri Sembilan",Seremban,NEGERI SEMBILAN,4 Beds/4 Bassinets,Single discipline: O&G,-,-,-,4,0,0,4,0,0,0,0,0,0,0,0,0
KMI Kuantan Medical Centre,KMI Healthcare Group,"Jalan Tun Razak, Bandar Indera Mahkota, 25200 Kuantan, Pahang",Kuantan,PAHANG,"176 Beds, 6 Bassinets, 2 Baby CotsFototerapi, 5 Dialysis Chairs",-,09-5142828,https://kmihealthcare.com/en/kmikuantan,https://kmihealthcare.com/en/kmikuantan/doctors,176,2,0,6,5,0,0,0,0,0,0,0,0
Darul MakmurMedical Centre Sdn. Bhd.,-,"B2-B60, Jalan Kempadang Makmur, TamanKempadang Makmur, 26060 Kuantan, Pahang",Kuantan,PAHANG,"42 Beds, 10 Baby Cots, 8 Bassinets",-,-,-,-,42,10,0,8,0,0,0,0,0,0,0,0,0
IIUM Medical Specialist Centre (IMSC),IIUM,"Kulliyyah Of Medicine, International Islamic University Malaysia, Indera Mahkota, 25200 Kuantan, Pahang",Kuantan,PAHANG,"345 Beds, 6 Baby Cots, 6 Bassinets, 7 ArmChairs, 4 Dialysis Chairs",-,-,-,-,345,6,0,6,4,0,7,0,0,0,0,0,0
Pahang Medical Centre,Aurelius Healthcare,"Lot 1, 3, 5 & 7 Wisma MUIP,Jalan Gambut 25000, Kuantan Pahang",Jalan Gambut,PAHANG,"64 Beds, 5 Bassinets",-,-,-,-,64,0,0,5,0,0,0,0,0,0,0,0,0
Darul Makmur Medical Centre,-,"Jalan Kempadang Makmur, Taman Kempadang Makmur, 26060 Kuantan, Pahang",Kuantan,PAHANG,-,,09-5349988,https://www.dmmc.com.my/,https://www.dmmc.com.my/mod/specialization/,0,0,0,0,0,0,0,0,0,0,0,0,0
Hospital Fatimah,0,"No.1,Leboh Chew Peng Loon, Off Jalan Dato' Lau Pak Khuan,Ipoh Garden,31400 Ipoh,Perak",Ipoh,PERAK,"236 Beds, 10 Baby Cots,23 Dialysis Chairs, 8 ArmChairs",-,05-5455777,https://www.fatimah.com.my/,https://www.fatimah.com.my/our-doctors/,236,10,0,0,23,0,8,0,0,0,0,0,0
Perak Community Specialist Hospital,0,"No. 277, Jalan Raja Permaisuri Bainun, 30250 Ipoh, Perak",Ipoh,PERAK,"69 Beds, 5 Baby Cots, 8 Bassinets, 18 Dialysis Chairs",-,05-2545594,https://pcsh.com.my/pcsh/,https://pcsh.com.my/pcsh/#,69,5,0,8,18,0,0,0,0,0,0,0,0
Hospital Ar- Ridzuan,0,"A-1, B-G-3 & B-G-5, B-1-1 &B-1-3, Greentown Suria, Jalan DatoÃ¢â‚¬â„¢ Seri Ahmad Said, 30450 Ipoh, Perak",Ipoh,PERAK,"6 Beds, 5 Bassinets,20 Dialysis Chairs",-,-,-,-,6,0,0,5,20,0,0,0,0,0,0,0,0
KMC Medical Centre,0,"20a, Jalan Chung Thye Phin, 30250 Ipoh, Perak",Ipoh,PERAK,"46 Beds, 10 Bassinets",-,-,-,-,46,0,0,10,0,0,0,0,0,0,0,0,0
Klinik Bersalin Yasmin,0,"No. 27 - 28, Persiaran Venice Sutera 1, Desa Manjung Raya, 32200 Lumut, Perak",Lumut,PERAK,"2 Beds, 2 Bassinets",Single discipline: O&G,-,-,-,2,0,0,2,0,0,0,0,0,0,0,0,0
Sejati Maternity & Specialist Centre,0,"No. 20, Taman Sejati 1,32000 Setiawan, Perak",Setiawan,PERAK,2 Beds/ 2 Bassinets,Single discipline: O&G,-,-,-,2,0,0,2,0,0,0,0,0,0,0,0,0
Apollo Medical Centre,0,"271, Jalan Taming Srai, 34000 Taiping, Perak",Taiping,PERAK,16 Beds,-,05-8056000,-,-,16,0,0,0,0,0,0,0,0,0,0,0,0
Anson Bay Medical Centre,0,"Lot 992, Batu 3 1/2, Jalan Maharajalela,36000 Teluk Intan, Perak Darul Ridzuan",Teluk Intan,PERAK,"71 Beds, 4 Baby Cots, 5 Bassinets, 10 Dialysis Chairs",-,-,-,-,71,4,0,5,10,0,0,0,0,0,0,0,0
Jendarata Group Hospital,0,"Jendarata Estate, 36009 Teluk Intan, Perak",Teluk Intan,PERAK,18 Beds,-,-,-,-,18,0,0,0,0,0,0,0,0,0,0,0,0
Kinta Medical Centre,0,"20, Jalan Chung Thye Phin, Taman Chateau, 30250 Ipoh, Negeri Perak",Ipoh,PERAK,-,,05-2425333,https://www.kmc.com.my/,https://www.kmc.com.my/our-doctors/,0,0,0,0,0,0,0,0,0,0,0,0,0
UniKL Rcmp Medical Centre,0,"10A, 10C, Jalan Labrooy, Taman Pari, 30100 Ipoh, Perak",Ipoh,PERAK,-,,05-5066111,-,-,0,0,0,0,0,0,0,0,0,0,0,0,0
Pusat Pakar Permata Raoofah,0,"No. 37, 39 Dan 41, Lengkuk Kledang RayaTaman Kledang Jaya, Taman Kledang Jaya, Jalan Jelapang 30100 Ipoh, Perak",Jalan Jelapang Ipoh,PERAK,8 Beds/8 Bassinets/1 Baby Cots,-,-,-,-,8,1,0,8,0,0,0,0,0,0,0,0,0
Pusat Pakar Rajindar Singh,0,"20F, Jalan Changkat Jong, 36000 Teluk Intan, Negeri Perak",Teluk Intan,PERAK,-,,05-6211112,-,-,0,0,0,0,0,0,0,0,0,0,0,0,0
Bernam River Ulu Group Hospital,0,"Ulu Bernam Estate, Ulu Bernam 36500, Perak",Ulu Bernam,PERAK,20 Beds,Single discipline: Perubatan Am,-,-,-,20,0,0,0,0,0,0,0,0,0,0,0,0
KS Wan & Liow Specialist Maternity Centre Sdn Bhd,0,"No.17 & 19, Lorong Tembikai 6, Pusat Komersial Sri Rambai, 14000 Bukit Mertajam,Pulau Pinang",Bukit Mertajam,PULAU PINANG,4 Beds/4 Bassinets,Single discipline: O&G,-,-,-,4,0,0,4,0,0,0,0,0,0,0,0,0
Bagan Specialist Centre,0,"Jalan Bagan Satu, 13400 Butterworth, Pulau Pinang",Butterworth,PULAU PINANG,"153 Beds, 3 ArmChairs, 10 Baby Cots, 10 Bassinets",-,04-3322800,https://www.bagan.com.my/,http://www.bagan.com.my/consultant,153,10,0,10,0,0,3,0,0,0,0,0,0
Georgetown Specialist Hospital,0,"No. 12-A, Jalan Masjid Negeri, 11600 Georgetown, Pulau Pinang",Georgetown,PULAU PINANG,"20 Beds, 6 Dialysis Chairs",-,04 - 827 5118,https://georgetownspecialist.com/,https://georgetownspecialist.com/consultant/,20,0,0,0,6,0,0,0,0,0,0,0,0
Peace Medical Centre,0,"81, Lorong Selamat, 10400 Georgetown, Pulau Pinang",Georgetown,PULAU PINANG,4 Beds / 4 Bassinets,Single discipline: O&G,04-228 2472,-,-,4,0,0,4,0,0,0,0,0,0,0,0,0
Island Hospital,0,"No. 308, Jalan Macalister, 10450 Georgetown, Pulau Pinang",Georgetown,PULAU PINANG,"295 Beds, 5ArmChairs, 4 Bassinets, 4 Baby Cots, 10 Dialysis Chairs",-,04-2288222,https://islandhospital.com/,https://islandhospital.com/find-a-doctor/,295,4,0,4,10,0,5,0,0,0,0,0,0
Hope Children Hospital Ã¢â‚¬â€œ Gottlieb,0,"25B, C&D, Jalan Gottlieb, 10350 Georgetown, Pulau Pinang",Georgetown,PULAU PINANG,10 Beds,Single discipline: Pediatrik,-,-,-,10,0,0,0,0,0,0,0,0,0,0,0,0
Questra Bio- Clinical Research Centre,0,"No 6, Jalan Desa Pauh, Taman Desa Pauh, 13500 Permatang Pauh, PulauPinang",Permatang Pauh,PULAU PINANG,20 Beds,Single discipline: Penyelidikan Klinikal,-,-,-,20,0,0,0,0,0,0,0,0,0,0,0,0
DBM Hospital,0,"No 18 & 20, Jalan Cermai 1, Taman Cermai, Jalan Sama Gagah Permatang Pauh, 13500 Seberang Perai, Pulau Pinang",Seberang Perai,PULAU PINANG,4 Beds & 4 Bassinets,Single discipline: O&G,-,-,-,4,0,0,4,0,0,0,0,0,0,0,0,0
Mount Miriam Cancer Hospital,0,"23, Jalan Bulan, Fettes Park, 11200 Tanjung Bungah, Pulau Pinang",Tanjung Bungah,PULAU PINANG,40 Beds,-,04-8923999,https://mountmiriam.com/,https://mountmiriam.com/our-specialist/,40,0,0,0,0,0,0,0,0,0,0,0,0
Hospital Kebajikan Kek Lok Si,0,"No. 623, Jalan Balik Pulau, Ayer Itam, 11500 PulauPinang",Ayer Itam,PULAU PINANG,"22 Beds, 6 Dialysis Chairs",-,-,-,-,22,0,0,0,6,0,0,0,0,0,0,0,0
Hope Children Hospital (Sungai Ara),0,"Ground floor, 66 & 68, Jalan Dato Ismail Hashim, Kampung Manggis, 11900 Bayan Lepas, Penang",Bayan Lepas,PULAU PINANG,-,,04-6447557,https://www.hopechildrenhospital.com/,https://www.hopechildrenhospital.com/meet-our-doctors,0,0,0,0,0,0,0,0,0,0,0,0,0
Tanjung Medical Centre,0,"473, Jalan Burma, George",Burmah Road,PULAU PINANG,-,,04-2262323,-,-,0,0,0,0,0,0,0,0,0,0,0,0,0
Penang Eye Specialist Hospital,0,"No. 223, Jalan Masjid Negeri, 11600 George Town, Pulau Pinang",George Town,PULAU PINANG,-,,04 ÃƒÂ¢Ã¢â€šÂ¬Ã¢â‚¬Å“ 282 3522,https://www.optimax2u.com/penang.php,https://www.optimax2u.com/doctors.php,0,0,0,0,0,0,0,0,0,0,0,0,0
Kek Lok Si Charitable Hospital,0,0,Georgetown,PULAU PINANG,-,,-,https://m.klsch.my/,https://m.klsch.my/index.php?ws=pages&pages_id=17798,0,0,0,0,0,0,0,0,0,0,0,0,0
Optimax Eye Specialist Hospital (Penang),0,"Tingkat Bawah, No. 223,Jalan Masjid Negeri 11600 Georgetown, Pulau Pinang",Georgetown,PULAU PINANG,4 Beds,Single discipline: Oftalmologi,-,-,-,4,0,0,0,0,0,0,0,0,0,0,0,0
Penang Adventist Hospital,0,"465, Jalan Burma, 10350 Pulau Pinang",Jalan Burma,PULAU PINANG,"263 Beds, 10 Baby Cots,16 Bassinets, 27 Dialysis Chairs, 11 Beds BloodDonor, 16 Dental Chairs, 19 ArmChairs",-,04-2227200/04-226 1133,https://pah.com.my/,https://pah.com.my/doctors,263,10,0,16,27,16,19,0,0,0,11,0,0
Hope Children Hospital (Jalan Gottlieb),0,"Taman Selamat, 10350 George Town, Penang",Jalan Gottlieb,PULAU PINANG,-,,04-2286557,https://www.hopechildrenhospital.com/,https://www.hopechildrenhospital.com/meet-our-doctors,0,0,0,0,0,0,0,0,0,0,0,0,0
Hospital Lam Wah Ee,0,"141, Jalan Tan Sri Teh Ewe Lim, 11600 Pulau Pinang",Jalan Tan Sri Teh Ewe Lim,PULAU PINANG,"417 Beds, 10 Baby Cots,20 Bassinets, 25Dialysis Chairs, 5 Dental Chairs",-,04-6571888,https://www.hlwe.com.my/,https://www.hlwe.com.my/find_a_doctor.php,417,10,0,20,25,5,0,0,0,0,0,0,0
Loh Guan Lye Specialists Centre,0,"19 & 21, Logan Road Dan238, Macalister Road,10400 Pulau Pinang",Macalister Road,PULAU PINANG,"205 Beds, 31 Baby Cots,7 Bassinets, 13 Dialysis Chairs, 17 ArmChairs, 3 Dental Chairs",-,04-2388888,http://www.lohguanlye.com/,http://www.lohguanlye.com/our-specialists.php,205,31,0,7,13,3,17,0,0,0,0,0,0
Jesselton Medical Centre Sdn. Bhd.,0,"Metro Town, Jalan Bunga Ulam Raja, Jalan Lintas, Off Jalan Tuaran, 88300 Kota Kinabalu, Sabah",Kota Kinabalu,SABAH,"42 Beds, 10 Bassinets",-,-,-,-,42,0,0,10,0,0,0,0,0,0,0,0,0
Kota Kinabalu Specialist Centre,0,"25, Kota Kinabalu Specialist Centre, Taman Luyang, Phase 8, Jalan Kolam,88300 Kota Kinabalu, Sabah",Kota Kinabalu,SABAH,4 Beds / 4 Bassinets,Single discipline: O&G,-,-,-,4,0,0,4,0,0,0,0,0,0,0,0,0
Rafflesia Medical Centre Sdn. Bhd.,0,"Lot 4-8, Millenium Commercial Centre, Off Jalan Lintas, 88200 Kota Kinabalu, Sabah",Kota Kinabalu,SABAH,19 Beds / 1 Baby Cots/4 Bassinets,-,-,-,-,19,1,0,4,0,0,0,0,0,0,0,0,0
KMI Tawau Medical Centre (Tawau Specialist Hospital),0,"TB 4551, Jalan Abaca, 91000 Tawau, Sabah",Tawau,SABAH,"7 Beds, 3 Bassinets",-,-,-,-,7,0,0,3,0,0,0,0,0,0,0,0,0
Tawau Specialist Medical Centre Sabah Sdn. Bhd.,0,"No. 3680-3692, Tanah Lot 107525664-107525780,Tinagat Plaza Mile 2.5, Jalan Bunga Raya, Off Jalan Apas, 91000 Tawau, Sabah",Tawau,SABAH,"52 Beds, 6 Bassinets",-,-,-,-,52,0,0,6,0,0,0,0,0,0,0,0,0
Rafflesia Medical Centre,0,"Lots 5-8, Millennium Commercial Centre, Jalan Lintas, Kepayan Penampang, 88200 Kota Kinabalu, Sabah, 88200",Kota Kinabalu,SABAH,-,,088-272620,https://www.rafflesiamedicalcentre.com/,https://www.rafflesiamedicalcentre.com/resident-consultant/,0,0,0,0,0,0,0,0,0,0,0,0,0
Jesselton Medical Centre,0,"Jalan Metro 2, Metro Town Off, Jalan Lintas, 88300 Kota Kinabalu, Sabah",Kota Kinabalu,SABAH,-,,088-366333,https://jmc.my/,https://jmc.my/consultants.php,0,0,0,0,0,0,0,0,0,0,0,0,0
Utama Medical Centre,0,"Lot 16 Ã¢â‚¬â€œ 20, Blok B1, Utama Place, Phase 5, Batu 6,Jalan Utara, 90000Sandakan, Sabah",Sandakan,SABAH,"6 Beds, 3 Bassinets",-,-,-,-,6,0,0,3,0,0,0,0,0,0,0,0,0
Bintulu Medical Centre,0,"Lot 6009, Block 31, Kemena Land District, 97000 Bintulu, Sarawak",Bintulu,SARAWAK,"58 Beds, 5 Bassinets, 7 Dialysis Chairs, 2 Dental Chairs",-,086-330333,https://www.bintulumedicalcentre.com/,https://www.bintulumedicalcentre.com/our-doctors/,58,0,0,5,7,2,0,0,0,0,0,0,0
Normah Medical Specialist Centre,0,"Lot 937, Section 30, Ktld, Jalan Tun Abdul Rahman Yakub, Petra Jaya, 93050 Kuching, Sarawak",Kuching,SARAWAK,"70 Beds, 3 Baby Cots, 3 Bassinets,22 Dialysis Chairs, 1 Dental Chairs",-,082-440055,https://www.normah.com.my/,https://www.normah.com.my/our-hospital/our-doctors,70,3,0,3,22,1,0,0,0,0,0,0,0
Timberland Medical Centre,0,"Lot 5160-5169 & 7477-7486, Block 16, KCLD, 2Ã‚Â½Mile, Jalan Rock, 93250 Kuching, Sarawak",Kuching,SARAWAK,"82 Beds, 6 Bassinets, 6 Baby Cots, 14Dialysis Chairs, 1Mobile Dialysis Device",-,082-234466,https://www.timberlandmedical.com/,https://www.timberlandmedical.com/doctors/,82,6,0,6,14,0,0,0,1,0,0,0,0
Borneo Medical Centre,0,"Lot 10992, Section 64, Kuching Town Land District, Jalan Tun Jugah, 93350 Kuching, Sarawak.",Kuching,SARAWAK,"80 Beds, 6 Bassinets, 2 Baby Cots, 10 Dialysis ChairsDan 3 Dental Chairs",-,082-507333,http://www.borneomedicalcentre.com/en/,http://www.borneomedicalcentre.com/en/resident-consultant/,80,2,0,6,10,3,0,0,0,0,0,0,0
Borneo Medical Centre (Miri),0,"Lot 1959, Block 10, MCLD,Jalan Cahaya, Off Jalan Miri-Bintulu, 98000 Miri, Sarawak",Miri,SARAWAK,"66 Beds, 5 Dialysis Chairs, 4 Bassinets, 3 Dental Chairs",-,-,-,-,66,0,0,4,5,3,0,0,0,0,0,0,0
Rejang Medical Centre,0,"Ground Floor, No. 27, 29 & 31, 1st & 2nd Floor, No. 21, 23, 25, 27, 29, 31, 33, 35 &37, Jalan Pedada, 96000 Sibu, Sarawak",Sibu,SARAWAK,49 Beds/1 Baby Cots/9 Bassinets/15 Dialysis Chairs,-,084-323333,https://rejang.com.my/,http://rejang.com.my/our-doctors/,49,1,0,9,15,0,0,0,0,0,0,0,0
Sibu Specialist Medical Centre,0,"No. 52a-G, Brooke Drive, 96000 Sibu, Sarawak",Sibu,SARAWAK,"34 Beds, 1 Baby Cots, 4 Bassinets",-,-,-,-,34,1,0,4,0,0,0,0,0,0,0,0,0
Miri City Medical Centre,0,"916-920 & 1203, JalanHokkien, 98000 Sarawak",JalanHokkien,SARAWAK,"22 Beds, 1 Baby Cots, 3 Bassinets",-,085-426622,https://www.mcmcmiri.com/,https://www.mcmcmiri.com/specialists,22,1,0,3,0,0,0,0,0,0,0,0,0
Helen Ngu Women Hospital,0,"Tingkat 1 Dan 2, No. 251, Lot 2579, Central Park Commercial Centre, 3rd Mile, 93200 Kuching",rd Mile,SARAWAK,3 Beds,Single discipline: Ginekologi,-,-,-,3,0,0,0,0,0,0,0,0,0,0,0,0
Pusat Perubatan Joe (Klinik WanitaDan Kanak-Kanak),0,"3G & 5G, Jalan Wawasan 4/1, Bandar Baru Ampang, 68000 Ampang, Selangor",Ampang,SELANGOR,2 Beds / 4 Bassinets,Single discipline: O&G,-,-,-,2,0,0,4,0,0,0,0,0,0,0,0,0
Hospital Islam Az- Zahrah,0,"No. 24, 26, 28, 30, 32 & 34,Medan Pusat Bandar 1, Seksyen 9, 43650 Bandar Baru Bangi, Selangor",Bandar Baru Bangi,SELANGOR,"43 Beds, 6 Bassinets",-,-,-,-,43,0,0,6,0,0,0,0,0,0,0,0,0
Hospital Pakar An- Nur Specialist Hospital,0,"Jalan Gerbang Wawasan 1, Seksyen 15, 43650 Bandar Baru Bangi, Selangor",Bandar Baru Bangi,SELANGOR,"102 Beds, 6 Baby Cots, 1 Phototherapy Cots, 22 Bassinets, 8 Dialysis Chairs",-,-,-,-,102,6,0,22,8,0,0,1,0,0,0,0,0
Britannia Women Specialist Centre,0,"No. 65-67, Aras Bawah, Aras 1 Dan Aras 2, Jalan Tks 1, Taman Kajang Sentral, 43000 Kajang, Selangor",Kajang,SELANGOR,12 Beds/8 Bassinets,Single discipline: O&G,-,-,-,12,0,0,8,0,0,0,0,0,0,0,0,0
Sungai Long Specialist Hospital,0,"Lot Pt 21147, Persiaran Sungai Long 1, BandarSungai Long, 43000 Kajang, Selangor Darul Ehsan",Kajang,SELANGOR,"46 Beds, 4 Bassinets",-,-,-,-,46,0,0,4,0,0,0,0,0,0,0,0,0
JMC Specialist Medical Centre,0,"No 80, Jalan Telok Gadong, Di Persiaran Raja Muda Musa, 41100 Klang, Selangor",Klang,SELANGOR,22 Beds Dan 8 Bassinets,Single discipline: O&G,03-33726333,https://www.jmcmedicalcentre.com/,-,22,0,0,8,0,0,0,0,0,0,0,0,0
Sentosa Specialist Hospital,0,"No.25, 27 & 29, Lorong Temenggung 15 A Dan No. 2, 4, & 6, Lorong Temenggung 15D, Off Jalan Sungai Jati, 41200 Klang, Selangor",Klang,SELANGOR,"49 Beds, 1 Baby Cots, 3 Bassinets",-,03-51619232,https://www.sshmedicare.com/,http://www.sshmedicare.com/doctors/,49,1,0,3,0,0,0,0,0,0,0,0,0
Bukit Tinggi Medical Centre,0,"Lot 83211, Persiaran Batu Nilam, Bandar Bukit Tinggi, Mukim Tinggi, 41200 Klang, Selangor",Klang,SELANGOR,"171 Beds, 1 Baby Cots,18 Bassinets, 2 Dental Chairs, 10 Dialysis Chairs",-,-,-,-,171,1,0,18,10,2,0,0,0,0,0,0,0
Hospital Bersalin Razif,0,"No. 33, 35, 37 & 39, Jalan Sri Sarawak 20a/Ks2, Taman Sri Andalas, 41200 Klang, Selangor",Klang,SELANGOR,13 Beds/10 Bassinets,Single discipline: O&G,-,-,-,13,0,0,10,0,0,0,0,0,0,0,0,0
Hospital Wanita Metro (Klang),0,"No. 32 - 38, Jalan Pasar,41400 Klang, Selangor.",Klang,SELANGOR,"17 Beds, 4 Bassinets",-,-,-,-,17,0,0,4,0,0,0,0,0,0,0,0,0
Klinik Pakar Wanita Dan Keluarga Kapar Indah,0,"2, Jalan Harapan 3, Sungai Kapar Indah, 42200 Klang, Selangor",Klang,SELANGOR,2 Beds/2 Bassinets,Single discipline: O&G,-,-,-,2,0,0,2,0,0,0,0,0,0,0,0,0
Klinik Pakar Wanita Sheela Sdn. Bhd.,0,"No 36, 38 & 40, Jalan BataiLaut 3, Kawasan 16, TamanIntan, 41300 Klang, Selangor",Klang,SELANGOR,10 Beds/6 Bassinets,Single discipline: O&G,-,-,-,10,0,0,6,0,0,0,0,0,0,0,0,0
Pusat Perubatan Pakar Sri Kota,0,"Jalan Mohet, 41000 Klang, Selangor",Klang,SELANGOR,"162 Beds, 8 Bassinets, 2 Baby Cots, 20Dialysis Chairs, 6ArmChairs, 1Mobile Dialysis Device",Single discipline: O&G,-,-,-,162,2,0,8,20,0,6,0,1,0,0,0,0
Metro Maternity Kuala Selangor,0,"No.33, 35, 37 & 39, Jalan Rhu 1, Taman Rhu, Off Jalan Kelang, 45000 Kuala Selangor, Selangor",Kuala Selangor,SELANGOR,4 Beds/4 Bassinets,-,-,-,-,4,0,0,4,0,0,0,0,0,0,0,0,0
Assunta Hospital,0,"Jalan Templer, 46990 Petaling Jaya, Selangor",Petaling Jaya,SELANGOR,"245 Beds, 5 Baby Cots, 8 Bassinets,18 Dialysis Chairs,4 ArmChairs",-,03-77807000,https://www.assunta.com.my/,https://www.assunta.com.my/doctor-listings/,245,5,0,8,18,0,4,0,0,0,0,0,0
Beacon Hospital,0,"1, Jalan 215, Seksyen 51, Off Jalan Templer, 46050 Petaling Jaya, Selangor",Petaling Jaya,SELANGOR,"101 Beds, 7 ArmChairs",-,03-76207979,https://www.beaconhospital.com.my/,https://www.beaconhospital.com.my/find-a-doctor/,101,0,0,0,0,0,7,0,0,0,0,0,0
Hospital MataNasional Tun Hussein Onn (The Tun Hussein Onn National Eye Hospital),0,"Lot 2, Lorong Utara B, 46200 Petaling Jaya, Selangor",Petaling Jaya,SELANGOR,30 Beds/8 ArmChairs,Single discipline: Oftalmologi,-,-,-,30,0,0,0,0,0,8,0,0,0,0,0,0
Pusat Perubatan Damansara Damai,0,"Tingkat Bawah, Blok B 002- 005, Jalan PJU 10/2A, PJU10, Damansara Damai,47830 Petaling Jaya, Selangor",Petaling Jaya,SELANGOR,4 Beds/4 Bassinets,Single discipline: O&G,-,-,-,4,0,0,4,0,0,0,0,0,0,0,0,0
Regen Health Rehabilitation Hospital,0,"No. 9, Jalan 13/4, 46200 Petaling Jaya, Selangor Darul Ehsan",Petaling Jaya,SELANGOR,38 Beds,-,-,-,-,38,0,0,0,0,0,0,0,0,0,0,0,0
KPMC Puchong Specialist Centre,0,"No. 1 & 3, Jalan Puteri 2/1, Bandar Puteri Puchong, 47100 Puchong, Selangor",Puchong,SELANGOR,"23 Beds, 5 Bassinets",-,-,-,-,23,0,0,5,0,0,0,0,0,0,0,0,0
Ara Damansara Medical Centre,RSD,"2, Jalan Lapangan Terbang, Seksyen U2, 40150 Shah Alam, Selangor",Shah Alam,SELANGOR,"117 Beds, 6 Dialysis Chairs",-,03-56391212,https://aradamansaramedicalcentre.com/,https://aradamansaramedicalcentre.com/find-doctor,117,0,0,0,6,0,0,0,0,0,0,0,0
Avisena Women's & Children's Specialist Hospital,0,"No. 3 (Pt34), Presint 2.7,Seksyen 14, 40000 Shah Alam, Selangor",Shah Alam,SELANGOR,"130 Beds, 7 Baby Cots,15 Bassinets, 2 Dental Chairs",-,-,-,-,130,7,0,15,0,2,0,0,0,0,0,0,0
Hospital Umra,0,"Tingkat 1 & 2, No. 14, 16, & 18, Jalan Bola Tampar 13/14, Seksyen 13, 40100 Shah Alam, Selangor",Shah Alam,SELANGOR,"35 Beds, 7 Baby Cots, 8 Bassinets",-,-,-,-,35,7,0,8,0,0,0,0,0,0,0,0,0
MSU Medical Centre,0,"No. 4 (Pt No. 1108)Persiaran Olahraga, 40100 Shah Alam, Selangor",Shah Alam,SELANGOR,"108 Beds, 10 Bassinets, 3 Baby Cots, 2 Dental Chairs, 1 ArmChairs,2 MonoplaceHyperbaric Chamber",-,-,-,-,108,3,0,10,0,2,1,0,0,0,0,2,0
Sunway Medical Centre,SunMed,"5, Jalan Lagoon Selatan, Bandar Sunway, 47500 Subang Jaya, Selangor",Subang Jaya,SELANGOR,"616 Beds, 7 BedsDialisis, 52 Dialysis Chairs, 18 Baby Cots, 6 Baby CotsFototerapi, 1 Mobile Dialysis Device, 52ArmChairs, 4 Dental Chairs, 47 Bassinets",-,03-74919191,https://www.sunwaymedical.com/en/,https://www.sunwaymedical.com/en/find-a-doctor,616,18,0,47,52,4,52,0,1,7,0,0,6
Subang Jaya Medical Centre,RSD,"No 1, Jalan Ss 12/1a, 47500 Subang Jaya, Selangor",Subang Jaya,SELANGOR,444 Beds / 19 ArmChairs / 40 Bassinets / 10 Baby Cots / 18 Dialysis Chairs,-,03-56391212,https://subangjayamedicalcentre.com/,https://subangjayamedicalcentre.com/find-doctor,444,10,0,40,18,0,19,0,0,0,0,0,0
Putra Medical Centre,0,"43, 43A, 45, 45A, 47, 47A,Jalan BRP 1/3, Bukit Rahman Putra, 47000 Sungai Buloh, SelangorDarul Ehsan",Sungai Buloh,SELANGOR,"13 Beds, 6 Bassinets",-,04-7342888,https://putramedicentre.com.my/ver_2/,https://putramedicentre.com.my/ver_2/doctors.html,13,0,0,6,0,0,0,0,0,0,0,0,0
UiTM Private Specialist Centre,0,"Level 2, 4 & 5, Bangunan Pengajian Klinikal, Fakulti Perubatan UITM, Kampus Sg. Buloh, Jalan Hospital, 47000 Sungai Buloh, Selangor",Sungai Buloh,SELANGOR,30 Beds,-,-,-,-,30,0,0,0,0,0,0,0,0,0,0,0,0
Salam Shah Alam Specialist Hospital,0,"2-14, Jalan Nelayan 19/B Seksyen 19 40300 Shah Alam Selangor",-,SELANGOR,"82 Beds, 3 Bassinets, 2 Baby Cots",-,-,-,-,82,2,0,3,0,0,0,0,0,0,0,0,0
Hospital Pakar Bersalin Dan Sakit Puan(Ganesan Medical Centre Sdn Bhd),0,"No 3, Jalan Bandar Rawang 5, Bandar Baru Rawang, 48000 Rawang Selangor",Bandar Baru Rawang,SELANGOR,4 Beds/4 Bassinets,Single discipline: O&G,-,-,-,4,0,0,4,0,0,0,0,0,0,0,0,0
An-Nur Specialist Hospital,0,"23C, Jalan Medan Pb 1, Seksyen 9, 43650 Bangi, Selangor",Bangi,SELANGOR,-,,03-89266060,http://annurspecialisthospital.migh.com.my/,https://annurspecialisthospital.migh.com.my/medical-departments-our-specialist.html,0,0,0,0,0,0,0,0,0,0,0,0,0
Az-Zahrah Islamic Medical Centre,0,"34, Jalan Medan Pb 1, Seksyen 9, 43650 Bandar Baru Bangi, Selangor",Bangi,SELANGOR,-,,03-89212525,https://azzahrah.my/,https://azzahrah.my/pakar-perbidanan-sakit-puan/,0,0,0,0,0,0,0,0,0,0,0,0,0
Hospital Wanita Metro (Banting),0,"No. 22-26, Jalan Emas 1 Bandar Sungai Emas Sungai Manggis42700 Banting, Selangor",Banting,SELANGOR,4 Beds/4 Bassinets,Single discipline: O&G,-,-,-,4,0,0,4,0,0,0,0,0,0,0,0,0
Sungai Long Specialist Hospital,0,"Pt 21147, Persiaran SL 1, Bandar Sungai Long, 43200 Kajang, Selangor",Kajang,SELANGOR,-,,03-90103788,https://www.sglonghospital.com/en/,https://www.sglonghospital.com/en/doctors-directory,0,0,0,0,0,0,0,0,0,0,0,0,0
Kajang Plaza Medical Centre,0,"No. 35, 36, 33b, 34b, 35b,36b Dan 36c, Jalan Dato' Seri Alagendra 2, Kajang Plaza, 43000 Kajang Selangor",Kajang Plaza,SELANGOR,30 Beds/12 Bassinets,-,-,-,-,30,0,0,12,0,0,0,0,0,0,0,0,0
Arunamari Specialist Medical Centre,0,"162A, Jalan Batu Unjur 1, Taman Bayu Perdana, 41200 Klang, Selangor",Klang,SELANGOR,-,,03-33243288,-,-,0,0,0,0,0,0,0,0,0,0,0,0,0
Hospital Wanita Metro,0,"36, Jalan Pasar, Kawasan 18, 41400 Klang, Selangor",Klang,SELANGOR,-,,03-33412277,https://www.hospitalwanitametro.com/,https://www.hospitalwanitametro.com/meet-the-team,0,0,0,0,0,0,0,0,0,0,0,0,0
Sri Kota Specialist Medical Centre (SKSMC),0,"Jalan Mohet, Kawasan 1, 41000 Klang, Selangor",Klang,SELANGOR,-,,03-33733636,https://www.srikotamedical.com/,https://www.srikotamedical.com/find-a-doctor/,0,0,0,0,0,0,0,0,0,0,0,0,0
Ko Specialist Medical Centre,0,"6 Ã¢â‚¬â€œ 12, Tingkat Bawah, Jalan Temoh, Off Jalan Goh Hock Huat, 41400, Klang, Selangor",Klang,SELANGOR,6 Beds,-,-,-,-,6,0,0,0,0,0,0,0,0,0,0,0,0
Thomson Hospital Kota Damansara,0,"Lot 11, Jalan Teknologi, Taman Sains Selangor 1, Kota Damansara 47810 Petaling Jaya, Selangor",Kota Damansara Petaling Jaya,SELANGOR,"308 Beds, 19 Baby Cots,4 Bassinets, 10Dialysis Chairs, 1 Mobile Dialysis Device",-,03-62871111,https://thomsonhospitals.com/,https://thomsonhospitals.com/find-a-doctor/,308,19,0,4,10,0,0,0,1,0,0,0,0
QHC Medical Centre,0,"No 2, Jalan USJ 9/5R 47620UEP Subang Jaya Selangor",No,SELANGOR,10 Beds/4 Bassinets,-,-,-,-,10,0,0,4,0,0,0,0,0,0,0,0,0
Alpha Fertility Centre,0,"G01, Ground Floor, Encorp Strand Mall, Jalan PJU 5/22, Kota Damansara, 47810 Petaling Jaya, Selangor",Petaling Jaya,SELANGOR,-,,03-61416166,https://www.alphafertilitycentre.com/,https://www.alphafertilitycentre.com/our-team,0,0,0,0,0,0,0,0,0,0,0,0,0
Alpha Specialist Centre,0,"25, Jalan PJU 5/6, Kota Damansara, 47810 Petaling Jaya, Selangor",Petaling Jaya,SELANGOR,-,,03-61418533,https://alphaspecialist.com/,https://alphaspecialist.com/our-medical-specialist/,0,0,0,0,0,0,0,0,0,0,0,0,0
Centre For Sight (PJ),0,"1, 1, Jalan SS 23/15, Taman Sea, 47400 Petaling Jaya, Selangor",Petaling Jaya,SELANGOR,-,,03-78044051,https://kpjsight.com.my/,-,0,0,0,0,0,0,0,0,0,0,0,0,0
KMI Kelana Jaya Medical Centre,KMI,"No. 1 Fas Business Avenue, Jalan Perbandaran Ss7, 47301 Kelana Jaya, Petaling Jaya, Selangor",Petaling Jaya,SELANGOR,"43 Beds, 3 Bassinets, 2 Baby Cots",-,03-78052111,https://kmihealthcare.com/en/kmikelanajaya,https://kmihealthcare.com/en/kmikelanajaya/doctors,43,2,0,3,0,0,0,0,0,0,0,0,0
Hospital Bersalin & Poliklinik Pusrawi Pusrawi Corporation Sdn. Bhd. KotaDamansara,0,"No. 22, Tingkat Bawah & Tingkat 1, Jalan Pekaka 8/3, Seksyen 8, KotaDamansara 47810 Petaling Jaya, Selangor",Petaling Jaya,SELANGOR,8 Beds/5 Bassinets,Single discipline: O&G,-,-,-,8,0,0,5,0,0,0,0,0,0,0,0,0
KPMC Puchong Specialist Center,0,"Lebuh Puteri, Bandar Puteri, 47100 Puchong, Selangor",Puchong,SELANGOR,-,,03-80648688,http://www.kpmcpuchong.com.my/,http://www.kpmcpuchong.com.my/index.php/our-team/22-our-doctors,0,0,0,0,0,0,0,0,0,0,0,0,0
Klinik Pakar Wanita Dan Bersalin Subang Permai,0,"No 19, Jalan Alfa Fu6/F, Pusat Perdagangan Subang Permai Seksyen U6, 40150 Shah Alam Selangor",Pusat Perdagangan Subang Permai Seksyen U,SELANGOR,6 Beds/3 Bassinets,Single discipline: O&G,-,-,-,6,0,0,3,0,0,0,0,0,0,0,0,0
Pusat PakarOrtopedik OSC Orthopaedic Specialist Centre,0,"G-1-1 TO G-6-1 DAMEN USJ SIGNATURE OFFICES PERSIARAN KEWAJIPAN, USJ 1, 47600SUBANG JAYA, Selangor",SUBANG JAYA,SELANGOR,9 Beds,Single discipline: Ortopedik,-,-,-,9,0,0,0,0,0,0,0,0,0,0,0,0
AVISENA Specialist Hospital,AVISENA,"4, Jalan Ikhtisas, Seksyen 14, 40000 Shah Alam, Selangor",Shah Alam,SELANGOR,114 Beds,-,03-55151888,https://avisena.com.my/,https://shahalam.avisena.com.my/,114,0,0,0,0,0,0,0,0,0,0,0,0
SALAM Shah Alam Specialist Hospital,0,"2, Jalan Nelayan 19/B, Seksyen 19, 40300 Shah Alam, Selangor",Shah Alam,SELANGOR,-,,03-55485161,https://www.salamshahalam.com/,https://docs.google.com/gview?embedded=true&url=https://pagevamp-uploads.s3.amazonaws.com/383854785006278/pdfs/1641196265-our-doctors.pdf,0,0,0,0,0,0,0,0,0,0,0,0,0
QHC Medical Center,0,"No 2, Jalan USJ 9/5r, Usj 2, 47620 Subang Jaya, Selangor",Subang Jaya,SELANGOR,-,,03-80245760,https://www.qhcmedical.com/,https://www.qhcmedical.com/TeamList.aspx,0,0,0,0,0,0,0,0,0,0,0,0,0
Hospital Wanita Dan Kanak-Kanak Andorra Women & Children Hospital,0,"No 19, Jalan Utama Suria Tropika 1,Taman Suria Tropika, 43300 Seri Kembangan Selangor Darul Ehsan",Taman Suria Tropika,SELANGOR,"34 Beds, 4 Bassinets, 1 Baby Cots",-,-,-,-,34,1,0,4,0,0,0,0,0,0,0,0,0
"Salam Specialist Hospital, Kuala Terengganu",0,"Bangunan Wisma Perkaya, Lot 4078-4083 & Lot 4116-4118, Jalan Batas Baru, 20300 Kuala Terengganu, Terengganu",Kuala Terengganu,TERENGGANU,"49 Beds, 4 Bassinets",-,-,-,-,49,0,0,4,0,0,0,0,0,0,0,0,0
SALAM Specialist Hospital Kuala Terengganu,0,"Lot 4075, Jalan Engku Sar, 20300 Kuala Terengganu, Terengganu",Kuala Terengganu,TERENGGANU,-,,09-6313166,https://www.salamkualaterengganu.com/,https://www.salamkualaterengganu.com/our-consultants,0,0,0,0,0,0,0,0,0,0,0,0,0
KMI Kuala Terengganu Specialist Hospital,KMI,"Lot 3963, Jalan Sultan Mahmud, 20400 Kuala Terengganu, Terengganu",Kuala Terengganu,TERENGGANU,"80 Beds, 4 Baby Cots, 4 Bassinets",-,09-6378888,https://kmihealthcare.com/en/kmikualaterengganu,https://kmihealthcare.com/en/kmikualaterengganu/doctors,80,4,0,4,0,0,0,0,0,0,0,0,0
Cheras Specialist Maternity Centre,0,"55, Jalan 2/90 Taman Pertama, 56100 Cheras, Kuala Lumpur",Cheras,WP Kuala Lumpur,4 Beds / 4 Bassinets,Single discipline: O&G,-,-,-,4,0,0,4,0,0,0,0,0,0,0,0,0
Daehan Rehabilitation Centre At IOI Resort City,0,"Block B, Two Ioi Square, IOI Resort, 62502 Putrajaya, Wilayah Persekutuan Putrajaya",Putrajaya,WP Kuala Lumpur,109 Beds,Single discipline: Perubatan Rehabilitasi,-,-,-,109,0,0,0,0,0,0,0,0,0,0,0,0
Hospital Azalea Putrajaya,0,"B1-Lg-2, B1-Lg-3, B1-G-2,B1-G-3, B1-1-2 & B1-1-3,Ayer@8, Jalan P8g, Presint 8, 62250 Putrajaya, Wilayah Persekutuan Putrajaya",Putrajaya,WP Kuala Lumpur,"4 Beds, 5 Bassinets",-,-,-,-,4,0,0,5,0,0,0,0,0,0,0,0,0
Pusat Pakar UKM,0,"Tingkat 7, Blok Klinikal & Tingkat Bawah Dan Tingkat 1, Blok Gamma Knife, Pusat Perubatan UKM, Jalan Yaacob Latif, Bandar TunRazak, 56000 Kuala Lumpur",Bandar TunRazak,WP Kuala Lumpur,"62 Beds, 6 ArmChairs,5 Bassinets",-,-,-,-,62,0,0,5,0,0,6,0,0,0,0,0,0
Cengild G.I. Medical Centre,0,"Unit 2-3 & 4, Level 2, Nexus @ Bangsar South, No 7, Jalan Kerinchi, 59200 Kuala Lumpur",Bangsar,WP Kuala Lumpur,-,,03-22427000,https://cengild.com/,https://cengild.com/doctors/,0,0,0,0,0,0,0,0,0,0,0,0,0
Imran ENT Specialist Hospital,0,"62, Jalan Ang Seng, Brickfields, 50470, Kuala Lumpur, Wilayah Persekutuan Kuala Lumpur",Brickfields,WP Kuala Lumpur,-,,03-22740599,-,-,0,0,0,0,0,0,0,0,0,0,0,0,0
Hospital Pakar Damansara 2,0,"No .1 Jalan Bukit Lanjan 3, Bukit Lanjan, 60000 Kuala Lumpur",Bukit Lanjan,WP Kuala Lumpur,"63 Beds, 3 Baby Cots, 4 Bassinets",-,-,-,-,63,3,0,4,0,0,0,0,0,0,0,0,0
UKM Specialist Centre (UKMSC),0,"Jalan Yaacob Latif Level 7 HCTM UKM, Bandar Tun Razak, 56000 Cheras, Wilayah Persekutuan Kuala Lumpur",Cheras,WP Kuala Lumpur,-,,03-91726064,https://www.ukmsc.com.my/,https://www.ukmsc.com.my/specialist-1/,0,0,0,0,0,0,0,0,0,0,0,0,0
Roopi Medical Centre Sdn Bhd,0,"86, Jalan Dato Haji Eusoff, Damai Complex, 50400 Kuala Lumpur",Damai Complex,WP Kuala Lumpur,"4 Beds, 4 Bassinets",Single discipline: O&G,-,-,-,4,0,0,4,0,0,0,0,0,0,0,0,0
KLSMC Hospital,0,"47, Jalan Dungun,Damansara Heights, 50490 Kuala Lumpur",Damansara Heights,WP Kuala Lumpur,23 Beds,-,-,-,-,23,0,0,0,0,0,0,0,0,0,0,0,0
Park City Medical Centre,RSD,"Perdana, 2, Jalan Intisari, Desa Parkcity, 52200 Kuala",Desa ParkCity,WP Kuala Lumpur,"150 Beds, 11Dialysis Chairs, 5ArmChairs, 8Baby Cots, 16 Bassinets",-,03-56391212,https://parkcitymedicalcentre.com/,https://parkcitymedicalcentre.com/find-doctor,150,8,0,16,11,0,5,0,0,0,0,0,0
HSC Medical Centre,0,"Menara HSC, 5-1, 187, Jalan Ampang, Taman U Thant,",Jalan Ampang / Menara HSC,WP Kuala Lumpur,-,,03-27870500,https://hsc.com.my/,https://hsc.com.my/doctors/,0,0,0,0,0,0,0,0,0,0,0,0,0
Roopi Medical Centre,0,"88, Jalan Datuk Haji Yussof, Pekeliling, 50400 Kuala Lumpur, Wilayah Persekutuan Kuala Lumpur",Jalan Dato Haji Eusoff / Damai Complex,WP Kuala Lumpur,-,,03-40423766,https://www.roopimedical.com/,https://www.roopimedical.com/about-us/,0,0,0,0,0,0,0,0,0,0,0,0,0
Damai Service Hospital (HQ),0,"109-119, 1st Mile, Jalan Sultan Azlan Shah, 51200 Kuala Lumpur",Jalan Ipoh,WP Kuala Lumpur,-,,03-40434900,https://www.dsh.com.my/,https://www.dsh.com.my/conditions-and-departments/,0,0,0,0,0,0,0,0,0,0,0,0,0
Lourdes Medical Centre,0,"244, Jalan Sultan Azlan Shah, Jalan Ipoh, 51200 Kuala Lumpur, Wilayah Persekutuan Kuala Lumpur",Jalan Ipoh,WP Kuala Lumpur,-,,03-40425335,https://www.lourdes.com.my/,https://www.lourdes.com.my/our-doctors/,0,0,0,0,0,0,0,0,0,0,0,0,0
Hospital Lourdes Medical Centre,0,"No. 244, Jalan Ipoh, 51200 Kuala Lumpur",Jalan Ipoh,WP Kuala Lumpur,"25 Beds, 5 Bassinets, 1 Phototherapy Cots",-,-,-,-,25,0,0,5,0,0,0,1,0,0,0,0,0
Pusat Diagnostik JantungMAA MedicareCardiac Diagnostic Centre,0,"No. 183, 4th and 5th Floor, Wisma MAA-Medicare, Jalan Ipoh, 51200 Kuala Lumpur",Jalan Ipoh,WP Kuala Lumpur,4 Beds,Single discipline: Kardiologi,-,-,-,4,0,0,0,0,0,0,0,0,0,0,0,0
Klinik Pakar Wanita Kepong Dan Pusat Bersalin,0,"No. 17, Jalan 3/34 A Kepong Entrepreneurs Park, Batu 7, Jalan Kepong, 52100 Kuala Lumpur",Jalan Kepong,WP Kuala Lumpur,4 Beds/2 Bassinets,Single discipline: O&G,-,-,-,4,0,0,2,0,0,0,0,0,0,0,0,0
Cengild G.I Medical Centre,0,"Unit 2-3 & 2-4, Nexus @ Bangsar South, No. 7, Jalan Kerinchi, 59200 Kuala Lumpur",Jalan Kerinchi,WP Kuala Lumpur,"28 Beds, 2 ArmChairs",-,-,-,-,28,0,0,0,0,0,2,0,0,0,0,0,0
Prince Court Medical Centre,0,"39, Jalan Kia Peng, Kuala Lumpur, 50450 Kuala Lumpur, Wilayah Persekutuan Kuala Lumpur",Jalan Kia Peng,WP Kuala Lumpur,"277 Beds, 5 ArmChairs, 17 Bassinets, 8 Baby Cots,21 Beds Dialisis, 4 Dental Chairs, 4 Mobile MesinDialisis",-,03-21600000,https://princecourt.com/,https://princecourt.com/doctor_category/doctors/,277,8,0,17,0,4,5,0,4,21,0,0,0
COOP Medical Centre,0,"17-19, Jalan Medan Tuanku, Kuala Lumpur, 50300 Kuala",Jalan Medan Tuanku,WP Kuala Lumpur,-,,03-26924594,-,-,0,0,0,0,0,0,0,0,0,0,0,0,0
Hospital Pakar KPJ Tawakkal(KPJ Tawakkal Specialist Hospital),0,"No 1, Jalan Pahang Barat, 53000 Kuala Lumpur",Jalan Pahang Barat,WP Kuala Lumpur,225 Beds/10 Bassinets/7 Baby Cots,-,-,-,-,225,7,0,10,0,0,0,0,0,0,0,0,0
Tung Shin Hospital,0,"No 102, Jalan Pudu, 55100 Kuala Lumpur",Jalan Pudu,WP Kuala Lumpur,"225 Beds, 17Dialysis Chairs, 2 ArmChairs,8 Baby Cots, 17 Bassinets",-,03-20372288,https://www.tungshin.com.my/,https://www.tungshin.com.my/find-doctor-main,225,8,0,17,17,0,2,0,0,0,0,0,0
Damai Service Hospital (HQ) Sdn Bhd,0,"109-119 (1st Mile) Jalan Sultan Azlan Shah, 51200 Kuala Lumpur",Jalan Sultan Azlan Shah,WP Kuala Lumpur,"54 Beds, 4 Bassinets",-,-,-,-,54,0,0,4,0,0,0,0,0,0,0,0,0
Hospital PUSRAWI,0,"149, Jalan Tun Razak, Titiwangsa, 50400 Kuala Lumpur, Wilayah Persekutuan Kuala Lumpur",Jalan Tun Razak,WP Kuala Lumpur,-,,03-26875000,https://pusrawi.com.my/en/,https://pusrawi.com.my/en/our-specialists/,0,0,0,0,0,0,0,0,0,0,0,0,0
Institut Jantung Negara (IJN) - National Heart Institute,0,"145, Jalan Tun Razak, 50400, Kuala Lumpur, Wilayah Persekutuan Kuala Lumpur",Jalan Tun Razak,WP Kuala Lumpur,164 Beds/8 Baby Cots/20 Bassinets/10 Dialysis Chairs,-,03-26178200,https://www.ijn.com.my/,https://www.ijn.com.my/doctors/,164,8,0,20,10,0,0,0,0,0,0,0,0
Beverly Wilshire Medical Centre,0,"Level 6, 8 & 9, Kenanga Tower, No. 237, Jalan Tun Razak, 50400 Kuala Lumpur",Jalan Tun Razak,WP Kuala Lumpur,11 Beds,Single discipline: Pembedahan Plastik,-,-,-,11,0,0,0,0,0,0,0,0,0,0,0,0
Institut Jantung Negara,0,"145, Jalan Tun Razak, 50400 Kuala Lumpur",Jalan Tun Razak,WP Kuala Lumpur,449 Beds/6 Dialysis Chairs,-,-,-,-,449,0,0,0,6,0,0,0,0,0,0,0,0
AL-iSLAM Specialist Hospital (Hospital Pakar AL-iSLAM),0,"85, Jalan Raja Abdullah, Kampung Baru 50300 Kuala Lumpur, Wilayah Persekutuan Kuala Lumpur",Kampung Baru,WP Kuala Lumpur,"40 Beds, 1 Baby Cots, 4 Bassinets, 5 Dialysis Chairs,1 Dental Chairs",-,03-26931007,https://www.al-islamhospital.com/,https://www.al-islamhospital.com/doctors,40,1,0,4,5,1,0,0,0,0,0,0,0
Cardiac Vascular Sentral Kuala Lumpur,0,"Jalan Stesyen Sentral 5, Kuala Lumpur Sentral, 50470 Kuala Lumpur",Kuala Lumpur Sentral,WP Kuala Lumpur,"65 Beds, 1 Mobile Dialysis Device",-,03-22767000,https://www.cvskl.com/,https://www.cvskl.com/our-doctors/,65,0,0,0,0,0,0,0,1,0,0,0,0
UM Specialist Centre (UMSC),0,"UMSC Building, Lot 28, Lorong Universiti, Lembah Pantai, 50603 Kuala Lumpur",Lembah Pantai,WP Kuala Lumpur,-,,03-78414040,https://umsc.my/,https://umsc.my/find-a-doctor/,0,0,0,0,0,0,0,0,0,0,0,0,0
IHeal MedicalCentre Kuala Lumpur,0,"Level 7 & 8, Annexe Block, Menara IGB, Lingkaran Syed Putra, Mid Valley City, 59200 Kuala Lumpur, Wilayah Persekutuan Kuala Lumpur",Lingkaran Syed Putra,WP Kuala Lumpur,"18 Beds, 1 Dental Chairs",-,03-22877398,https://ihealmedical.com/,https://ihealmedical.com/centre-of-excellence/,18,0,0,0,0,1,0,0,0,0,0,0,0
Global Doctors Specialist Centre (Hospital),0,"18, Jalan Kiara 3, Mont Kiara, 50480 Kuala Lumpur, Wilayah Persekutuan Kuala Lumpur",Mont Kiara,WP Kuala Lumpur,11 Beds,Single discipline: Pembedahan Am                        ,03-23039911,https://www.globaldoctorshospital.com/,https://www.globaldoctorshospital.com/departments/,11,0,0,0,0,0,0,0,0,0,0,0,0
Alty Hospital,0,"5-1 Menara HSC, No. 187 Jalan Ampang, 50450 WP Kuala Lumpur",No. Jalan Ampang,WP Kuala Lumpur,20 Beds,-,-,-,-,20,0,0,0,0,0,0,0,0,0,0,0,0
Sentul Medical Centre,0,"629, 631, 633 Jalan Sentul, Off Jalan Ipoh, 51000 Kuala Lumpur",Off Jalan Ipoh,WP Kuala Lumpur,"6 Beds, 4 Bassinets",Single discipline: O&G,03-40416962,-,-,6,0,0,4,0,0,0,0,0,0,0,0,0
KMI Taman Desa Medical Centre,KMI,"45, Jalan Desa, Taman Desa, Off Jalan Klang Lama, 58100 Kuala Lumpur",Off Jalan Klang Lama,WP Kuala Lumpur,39 Beds Dan 4 Bassinets,-,03-79826500,https://kmihealthcare.com/en/kmitamandesa,https://kmihealthcare.com/en/kmitamandesa/doctors,39,0,0,4,0,0,0,0,0,0,0,0,0
Chaudhury Medic Centre,0,"No 15, Jalan 5/65C, Off Jalan Pahang Barat, Pekeliling Business Centre, 53000 Kuala Lumpur",Pekeliling Business Centre,WP Kuala Lumpur,4 Beds / 4 Bassinets,Single discipline: O&G,-,-,-,4,0,0,4,0,0,0,0,0,0,0,0,0
Pudu Specialists' Centre Sdn Bhd,-,"20-26 Jalan Baba, Pudu, 55100 Kuala Lumpur",Pudu,WP Kuala Lumpur,12 Beds Dan 1 Bassinets,-,-,-,-,12,0,0,1,0,0,0,0,0,0,0,0,0
Hospital Wanita & Kanak-Kanak Naluri Sdn. Bhd.,Pusat Perubatan Naluri,"94, Jalan 1/27f, Pusat Bandar Wangsa Maju, 53300 Kuala Lumpur",Pusat Bandar Wangsa Maju,WP Kuala Lumpur,11 Beds/4 Baby Cots,-,-,-,-,11,4,0,0,0,0,0,0,0,0,0,0,0
Ohana Specialist Hospital,-,"No. 9, 11, 13-1 & 13-2 JalanSeri Rejang, Rampai Business Park South, 53300 Kuala Lumpur",Rampai Business Park South,WP Kuala Lumpur,"18 Beds, 16 Bassinets, 2 Baby Cots",-,-,-,-,18,2,0,16,0,0,0,0,0,0,0,0,0
Hospital Pakar Wanita Sarmukh,-,"167, Jalan Genting Kelang, Setapak, 53300 Kuala Lumpur",Setapak,WP Kuala Lumpur,5 Beds,Single discipline: Ginekologi,-,-,-,5,0,0,0,0,0,0,0,0,0,0,0,0
Sunway Medical Centre Velocity,SunMed,"Pusat Perubatan Sunway Velocity, Lingkaran Sv, Sunway Velocity, 55100 Kuala Lumpur",Sunway Velocity,WP Kuala Lumpur,"118 Beds, 3 Baby Cots, 3 Phototherapy Cots, 18 Bassinets, 14 ArmChairs, 18 Dialysis Chairs, 2 Beds Dialisis",-,-,-,-,118,3,0,18,18,0,14,3,0,2,0,0,0
Quill Orthopaedic Specialist Centre,Quill Healthcare,"95, 97 & 99, Jalan Aminuddin Baki, Taman Tun Dr Ismail, 60000 Wilayah Persekutuan, Wilayah Persekutuan Kuala Lumpur",TTDI,WP Kuala Lumpur,12 Beds,Single discipline: Ortopedik                ,03-77270633,https://quillorthopaedic.com/,https://quillorthopaedic.com/doctors/,12,0,0,0,0,0,0,0,0,0,0,0,0
